,precision,recall,f1-score,support,data
economy,0.6812663651511545,0.6962656611117869,0.6886843530048727,8221.0,testing
external relations,0.5026232948583421,0.7335375191424196,0.5965130759651307,653.0,testing
fabric of society,0.6012345679012345,0.5615451138656673,0.5807124757788046,3469.0,testing
freedom and democracy,0.5282651072124757,0.30313199105145416,0.3852167732764748,894.0,testing
no topic,0.0,0.0,0.0,91.0,testing
political system,0.4221276595744681,0.4083985179086044,0.4151496128897259,2429.0,testing
social groups,0.457740916271722,0.4003454231433506,0.42712364105398926,2895.0,testing
welfare and quality of life,0.6933774834437086,0.7396306388132001,0.7157576053518239,9909.0,testing
