,precision,recall,f1-score,support,data
economy,0.6587531247632755,0.6877837359021813,0.672955488144617,63219.0,future
external relations,0.668953481374496,0.6721083499606989,0.670527204729159,16539.0,future
fabric of society,0.5706871732707023,0.5347318354452845,0.5521247549064521,28173.0,future
freedom and democracy,0.6335085874518052,0.49339375409478053,0.5547404929253246,18316.0,future
no topic,0.060784313725490195,0.04144385026737968,0.049284578696343395,748.0,future
political system,0.49184566428003185,0.5376554482998521,0.5137313556857369,22998.0,future
social groups,0.5114074074074074,0.5053432879519836,0.5083572638244607,20493.0,future
welfare and quality of life,0.6954714610217002,0.7065784466567644,0.7009809592819695,81463.0,future
