,precision,recall,f1-score,support,data
economy,0.6934087758084461,0.7448778327899207,0.7182223947215215,24843.0,testing
external relations,0.7356772657234907,0.7067689409231598,0.7209334248455732,7431.0,testing
fabric of society,0.6212093698928637,0.6092066601371204,0.6151494717914138,11231.0,testing
freedom and democracy,0.6164747564216121,0.5786498170934486,0.5969637190153531,6014.0,testing
no topic,0.41422594142259417,0.13943661971830987,0.20864067439409906,710.0,testing
political system,0.6011505273250239,0.5646105357946871,0.5823078709078245,11105.0,testing
social groups,0.6241919443063153,0.5372351808260218,0.577458309373203,9346.0,testing
welfare and quality of life,0.715093905206723,0.7517374917879741,0.7329579933922189,28921.0,testing
