,precision,recall,f1-score,support,data
economy,0.6638768898488121,0.6260581758003946,0.6444131424640481,15711.0,testing
external relations,0.6543504171632897,0.7449118046132972,0.6967005076142133,5896.0,testing
fabric of society,0.4969341161121983,0.6030715642811906,0.5448823403190043,6316.0,testing
freedom and democracy,0.6519691780821918,0.5223803807237181,0.5800247548319528,5831.0,testing
no topic,0.0,0.0,0.0,515.0,testing
political system,0.5525343189017952,0.35777777777777775,0.4343224735422287,5850.0,testing
social groups,0.5198699421965318,0.4667531625040545,0.49188172961886856,6166.0,testing
welfare and quality of life,0.6052709651898734,0.7146777206912658,0.65544013707432,17128.0,testing
