,precision,recall,f1-score,support,data
economy,0.5707898658718331,0.6231019522776573,0.595799844438683,1844.0,testing
external relations,0.7038917089678511,0.4792626728110599,0.5702535983550377,868.0,testing
fabric of society,0.49732047159699894,0.49309245483528164,0.4951974386339381,941.0,testing
freedom and democracy,0.45609065155807366,0.5551724137931034,0.5007776049766718,580.0,testing
no topic,0.0,0.0,0.0,2.0,testing
political system,0.31699346405228757,0.3421516754850088,0.32909245122985575,567.0,testing
social groups,0.5058997050147492,0.43308080808080807,0.4666666666666666,792.0,testing
welfare and quality of life,0.6434530286543344,0.6580118694362018,0.6506510177883733,2696.0,testing
