,precision,recall,f1-score,support,data
economy,0.6051479368448985,0.6655479352108565,0.6339124391938846,6853.0,testing
external relations,0.7482938578883982,0.6073639622026719,0.6705035971223021,3069.0,testing
fabric of society,0.6239636266381385,0.5401713359573975,0.5790518739141227,4319.0,testing
freedom and democracy,0.5363554757630161,0.5168685121107266,0.5264317180616739,2312.0,testing
no topic,0.0,0.0,0.0,183.0,testing
political system,0.4666435024322446,0.4912216532553036,0.47861724875267286,2734.0,testing
social groups,0.5250070641424132,0.4689550731953559,0.4954006132515665,3962.0,testing
welfare and quality of life,0.6474201474201474,0.7103793568264972,0.6774400881461757,10386.0,testing
