,precision,recall,f1-score,support,data
economy,0.646782527007985,0.6226543070314267,0.6344891141573552,4423.0,testing
external relations,0.5040783034257749,0.7620221948212084,0.6067746686303387,811.0,testing
fabric of society,0.5708227311280747,0.55006129955047,0.5602497398543184,2447.0,testing
freedom and democracy,0.6123595505617978,0.6012608353033885,0.6067594433399602,1269.0,testing
no topic,0.0,0.0,0.0,118.0,testing
political system,0.5161473087818697,0.5100783874580067,0.5130949028442692,1786.0,testing
social groups,0.5598853868194842,0.45976470588235296,0.5049095607235141,2125.0,testing
welfare and quality of life,0.6612879127446586,0.7012040557667935,0.6806612841214917,6312.0,testing
