,precision,recall,f1-score,support,data
economy,0.6479343863912516,0.6627310859095852,0.655249212810076,6437.0,testing
external relations,0.6694091249065071,0.6585724797645327,0.663946587537092,1359.0,testing
fabric of society,0.48013245033112584,0.6069767441860465,0.5361544782251437,2150.0,testing
freedom and democracy,0.4457455113192818,0.6100427350427351,0.5151105096977898,936.0,testing
no topic,0.0,0.0,0.0,391.0,testing
political system,0.5459459459459459,0.3370752427184466,0.41680735321703244,3296.0,testing
social groups,0.4810508182601206,0.42024078254326563,0.44859437751004017,2658.0,testing
welfare and quality of life,0.6446035242290749,0.7199261992619926,0.6801859384079023,8130.0,testing
