,precision,recall,f1-score,support,data
economy,0.4230006609385327,0.6680584551148225,0.5180089032780251,958.0,testing
external relations,0.3877551020408163,0.6375838926174496,0.482233502538071,298.0,testing
fabric of society,0.37479806138933763,0.4989247311827957,0.42804428044280435,465.0,testing
freedom and democracy,0.35412026726057905,0.4662756598240469,0.40253164556962023,341.0,testing
no topic,0.0,0.0,0.0,2.0,testing
political system,0.5607675906183369,0.22307039864291772,0.3191747572815534,1179.0,testing
social groups,0.624031007751938,0.2519561815336463,0.358974358974359,639.0,testing
welfare and quality of life,0.5340050377833753,0.5638297872340425,0.5485122897800776,1504.0,testing
