,precision,recall,f1-score,support,data
economy,0.623779113448535,0.6888612321095209,0.6547067520946278,4821.0,testing
external relations,0.6719528772088809,0.6291896478574459,0.6498685363716038,2357.0,testing
fabric of society,0.6075135936727633,0.5093244923331952,0.5541027953110912,2413.0,testing
freedom and democracy,0.5509868421052632,0.49814126394052044,0.5232331120655994,1345.0,testing
no topic,0.0,0.0,0.0,166.0,testing
political system,0.3742528735632184,0.41743589743589743,0.3946666666666667,1950.0,testing
social groups,0.43243243243243246,0.5104166666666666,0.4681994625261272,1536.0,testing
welfare and quality of life,0.7030234529528115,0.6865342163355408,0.6946809995811811,7248.0,testing
