,precision,recall,f1-score,support,data
economy,0.62004662004662,0.7348066298342542,0.672566371681416,724.0,testing
external relations,0.625,0.625,0.625,232.0,testing
fabric of society,0.5210420841683366,0.7103825136612022,0.6011560693641618,366.0,testing
freedom and democracy,0.6666666666666666,0.4636363636363636,0.5469168900804289,220.0,testing
political system,0.5990783410138248,0.2653061224489796,0.3677510608203678,490.0,testing
social groups,0.28888888888888886,0.3888888888888889,0.33151183970856096,234.0,testing
welfare and quality of life,0.6675291073738681,0.6606914212548015,0.6640926640926641,781.0,testing
accuracy,0.5828683951427633,0.5828683951427633,0.5828683951427633,0.5828683951427633,testing
