,precision,recall,f1-score,support,data
economy,0.5287691187181355,0.6785046728971963,0.5943512075317233,1070.0,testing
external relations,0.23771580345285526,0.7521008403361344,0.36125126135216956,238.0,testing
fabric of society,0.7382953181272509,0.5936293436293436,0.6581059390048154,1036.0,testing
freedom and democracy,0.6459627329192547,0.5611510791366906,0.6005774783445621,556.0,testing
no topic,0.0,0.0,0.0,1.0,testing
political system,0.6230529595015576,0.3879728419010669,0.47818290496114757,1031.0,testing
social groups,0.6436781609195402,0.5037481259370314,0.5651808242220353,667.0,testing
welfare and quality of life,0.7066593285635663,0.7039473684210527,0.7053007415545179,1824.0,testing
