,precision,recall,f1-score,support,data
economy,0.7037037037037037,0.7227884965416819,0.7131184340486666,5494.0,testing
external relations,0.6313025210084033,0.7146254458977408,0.6703848298940324,841.0,testing
fabric of society,0.4996331621423331,0.4819532908704883,0.49063400576368876,1413.0,testing
freedom and democracy,0.5281173594132029,0.39059674502712477,0.44906444906444903,553.0,testing
no topic,0.0,0.0,0.0,68.0,testing
political system,0.3420033204205866,0.44945454545454544,0.3884349465744814,1375.0,testing
social groups,0.5748469671675014,0.4091089108910891,0.4780194354465525,2525.0,testing
welfare and quality of life,0.695805807343678,0.729190146514249,0.7121069182389939,6211.0,testing
