,precision,recall,f1-score,support,data
economy,0.7475103416577294,0.698097009586493,0.7219591595146493,6989.0,future
external relations,0.6632705043301069,0.738933030646992,0.6990604026845637,1762.0,future
fabric of society,0.678298800436205,0.6303521662021788,0.6534471437951411,3947.0,future
freedom and democracy,0.6739265712507778,0.57,0.6176218990590248,1900.0,future
no topic,0.0,0.0,0.0,29.0,future
political system,0.5189075630252101,0.5404814004376368,0.5294748124330118,2285.0,future
social groups,0.5452096960369373,0.6725201708590413,0.6022099447513812,2107.0,future
welfare and quality of life,0.7306498114881348,0.7534591194968554,0.7418791870742555,8745.0,future
