,precision,recall,f1-score,support,data
economy,0.7142857142857143,0.6437768240343348,0.6772009029345373,233.0,United States_random_test_split
external relations,0.6684210526315789,0.7888198757763976,0.7236467236467237,161.0,United States_random_test_split
fabric of society,0.6120218579234973,0.691358024691358,0.6492753623188405,162.0,United States_random_test_split
freedom and democracy,0.6020408163265306,0.6082474226804123,0.6051282051282051,97.0,United States_random_test_split
no topic,0.3333333333333333,0.043478260869565216,0.07692307692307691,23.0,United States_random_test_split
political system,0.5617977528089888,0.423728813559322,0.48309178743961356,118.0,United States_random_test_split
social groups,0.5432098765432098,0.5365853658536586,0.5398773006134969,82.0,United States_random_test_split
welfare and quality of life,0.6267281105990783,0.6974358974358974,0.6601941747572815,195.0,United States_random_test_split
