,precision,recall,f1-score,support,data
economy,0.6535433070866141,0.5763888888888888,0.6125461254612545,720.0,target
external relations,0.6774193548387096,0.6702127659574468,0.6737967914438502,94.0,target
fabric of society,0.5435203094777563,0.6504629629629629,0.5922023182297155,432.0,target
freedom and democracy,0.5330073349633252,0.4,0.4570230607966457,545.0,target
no topic,0.0,0.0,0.0,192.0,target
political system,0.4716358839050132,0.6694756554307116,0.5534055727554179,1068.0,target
social groups,0.5,0.4584615384615385,0.478330658105939,325.0,target
welfare and quality of life,0.7140804597701149,0.6299112801013942,0.6693602693602694,789.0,target
