,precision,recall,f1-score,support,data
economy,0.6410256410256411,0.7246376811594203,0.6802721088435374,69.0,Canada_random_test_split
external relations,0.9285714285714286,0.6842105263157895,0.7878787878787878,19.0,Canada_random_test_split
fabric of society,0.6909090909090909,0.7755102040816326,0.7307692307692308,49.0,Canada_random_test_split
freedom and democracy,0.47058823529411764,0.42105263157894735,0.4444444444444444,19.0,Canada_random_test_split
political system,0.6666666666666666,0.43636363636363634,0.5274725274725275,55.0,Canada_random_test_split
social groups,0.36363636363636365,0.48,0.41379310344827586,25.0,Canada_random_test_split
welfare and quality of life,0.6741573033707865,0.6976744186046512,0.6857142857142857,86.0,Canada_random_test_split
accuracy,0.6366459627329193,0.6366459627329193,0.6366459627329193,0.6366459627329193,Canada_random_test_split
