,precision,recall,f1-score,support,data
economy,0.725925925925926,0.8166666666666667,0.7686274509803921,120.0,South Africa_random_test_split
external relations,0.7333333333333333,0.8148148148148148,0.7719298245614035,27.0,South Africa_random_test_split
fabric of society,0.7849462365591398,0.7849462365591398,0.7849462365591398,93.0,South Africa_random_test_split
freedom and democracy,0.7777777777777778,0.6712328767123288,0.7205882352941178,73.0,South Africa_random_test_split
political system,0.7,0.5632183908045977,0.6242038216560509,87.0,South Africa_random_test_split
social groups,0.7090909090909091,0.6724137931034483,0.6902654867256638,58.0,South Africa_random_test_split
welfare and quality of life,0.7747252747252747,0.8294117647058824,0.8011363636363636,170.0,South Africa_random_test_split
accuracy,0.75,0.75,0.75,0.75,South Africa_random_test_split
