,United Kingdom,Ireland,United States,Canada,Australia,New Zealand,South Africa
Accuracy,0.6691109074243813,0.6660125588697017,0.6339869281045751,0.6366459627329193,0.7549704459967759,0.7299295774647887,0.75
F1 macro,0.5507512011482663,0.5649984794733874,0.5519171917202219,0.6100492126530128,0.6273020992159768,0.5853559840438004,0.7373853456304473
Obsevations,2182.0,2548.0,1071.0,322.0,1861.0,2840.0,628.0
Number of no topics,20.0,41.0,23.0,0.0,6.0,12.0,0.0
Percentage no topics,0.01,0.02,0.02,0.0,0.0,0.0,0.0
