,precision,recall,f1-score,support,data
economy,0.5375223347230494,0.599269588313413,0.5667189952904239,3012.0,testing
external relations,0.7658045977011494,0.6687578419071518,0.7139986604152713,1594.0,testing
fabric of society,0.6504904491481672,0.5918271488961954,0.6197737333989178,2129.0,testing
freedom and democracy,0.4434782608695652,0.6,0.51,765.0,testing
no topic,0.0,0.0,0.0,169.0,testing
political system,0.43083700440528633,0.40480132450331124,0.4174135723431498,1208.0,testing
social groups,0.4446564885496183,0.48541666666666666,0.46414342629482075,960.0,testing
welfare and quality of life,0.616010498687664,0.6052088705518308,0.6105619146722164,3878.0,testing
