,precision,recall,f1-score,support,data
economy,0.6881754609027336,0.7008740692780835,0.6944667201283079,3089.0,testing
external relations,0.7428842504743833,0.7066787003610109,0.7243293246993525,1108.0,testing
fabric of society,0.5909090909090909,0.6495669553630913,0.6188511583624247,1501.0,testing
freedom and democracy,0.6631467793030623,0.61328125,0.6372399797057331,1024.0,testing
no topic,0.0,0.0,0.0,110.0,testing
political system,0.6088235294117647,0.5144987572493787,0.557700942972609,1207.0,testing
social groups,0.604,0.5369843527738265,0.5685240963855421,1406.0,testing
welfare and quality of life,0.6685728493286922,0.7379253567508233,0.7015392642838507,3644.0,testing
