,precision,recall,f1-score,support,data
economy,0.6820094687006838,0.6737690009094452,0.6778641918828835,7697.0,future
external relations,0.7499163039839304,0.7111111111111111,0.7299983705393515,3150.0,future
fabric of society,0.6509246088193457,0.6091586794462194,0.6293494704992436,3756.0,future
freedom and democracy,0.6255468066491688,0.5443471640654739,0.5821290453897823,2627.0,future
no topic,0.5,0.008695652173913044,0.017094017094017096,115.0,future
political system,0.43948717948717947,0.5017564402810304,0.4685620557681793,1708.0,future
social groups,0.5663390663390664,0.5958638517880224,0.5807264329204282,2321.0,future
welfare and quality of life,0.6813243132431325,0.725021815008726,0.7024941872754175,9168.0,future
