,precision,recall,f1-score,support,data
economy,0.7056303549571603,0.7082309582309583,0.7069282648681791,1628.0,Germany_random_test_split
external relations,0.7422867513611615,0.7422867513611615,0.7422867513611615,551.0,Germany_random_test_split
fabric of society,0.5615491009681881,0.6403785488958991,0.5983787767133383,634.0,Germany_random_test_split
freedom and democracy,0.6853932584269663,0.6421052631578947,0.6630434782608696,570.0,Germany_random_test_split
no topic,0.0,0.0,0.0,55.0,Germany_random_test_split
political system,0.6121212121212121,0.4959083469721768,0.5479204339963833,611.0,Germany_random_test_split
social groups,0.6062717770034843,0.5080291970802919,0.5528196981731532,685.0,Germany_random_test_split
welfare and quality of life,0.6556948798328108,0.7421643997634536,0.6962552011095701,1691.0,Germany_random_test_split
