,precision,recall,f1-score,support,data
economy,0.6754966887417219,0.7132867132867133,0.6938775510204083,429.0,Luxembourg_random_test_split
external relations,0.574468085106383,0.7605633802816901,0.6545454545454545,71.0,Luxembourg_random_test_split
fabric of society,0.5836431226765799,0.6680851063829787,0.623015873015873,235.0,Luxembourg_random_test_split
freedom and democracy,0.75,0.6503496503496503,0.696629213483146,143.0,Luxembourg_random_test_split
no topic,0.0,0.0,0.0,18.0,Luxembourg_random_test_split
political system,0.632258064516129,0.5297297297297298,0.5764705882352942,185.0,Luxembourg_random_test_split
social groups,0.6104651162790697,0.5276381909547738,0.5660377358490566,199.0,Luxembourg_random_test_split
welfare and quality of life,0.6912521440823327,0.7070175438596491,0.6990459670424978,570.0,Luxembourg_random_test_split
