,metric,Luxembourg,Italy,Germany,Austria,Switzerland
0,Accuracy,0.6572972972972972,0.6190476190476191,0.6599221789883268,0.6747991669146087,0.6136690647482015
1,F1 macro,0.5637027978989664,0.5108738560012922,0.5634540755603319,0.5700737369125626,0.5241035852439934
