,precision,recall,f1-score,support,data
economy,0.626984126984127,0.6448979591836734,0.635814889336016,490.0,testing
external relations,0.6688311688311688,0.6912751677852349,0.6798679867986799,149.0,testing
fabric of society,0.5483870967741935,0.483739837398374,0.5140388768898487,246.0,testing
freedom and democracy,0.6533333333333333,0.5868263473053892,0.6182965299684543,167.0,testing
no topic,0.0,0.0,0.0,8.0,testing
political system,0.4406779661016949,0.5371900826446281,0.484171322160149,242.0,testing
social groups,0.603448275862069,0.45064377682403434,0.515970515970516,233.0,testing
welfare and quality of life,0.660377358490566,0.6990014265335235,0.6791406791406791,701.0,testing
