,precision,recall,f1-score,support,data
economy,0.39705882352941174,0.6136363636363636,0.48214285714285715,44.0,future
external relations,0.6666666666666666,0.42857142857142855,0.5217391304347826,14.0,future
fabric of society,0.5238095238095238,0.5365853658536586,0.5301204819277109,41.0,future
freedom and democracy,0.6923076923076923,0.5625,0.6206896551724138,16.0,future
political system,0.0,0.0,0.0,0.0,future
social groups,0.3442622950819672,0.7,0.4615384615384615,30.0,future
welfare and quality of life,0.8794326241134752,0.6262626262626263,0.7315634218289087,198.0,future
accuracy,0.60932944606414,0.60932944606414,0.60932944606414,0.60932944606414,future
