,precision,recall,f1-score,support,data
economy,0.6043956043956044,0.6043956043956044,0.6043956043956044,91.0,Canada_random_test_split
external relations,0.6818181818181818,0.6521739130434783,0.6666666666666666,23.0,Canada_random_test_split
fabric of society,0.5490196078431373,0.5,0.5233644859813085,56.0,Canada_random_test_split
freedom and democracy,0.6818181818181818,0.5,0.576923076923077,30.0,Canada_random_test_split
political system,0.5,0.6320754716981132,0.5583333333333333,106.0,Canada_random_test_split
social groups,0.5,0.3230769230769231,0.39252336448598135,65.0,Canada_random_test_split
welfare and quality of life,0.6064516129032258,0.6438356164383562,0.6245847176079734,146.0,Canada_random_test_split
accuracy,0.5705996131528046,0.5705996131528046,0.5705996131528046,0.5705996131528046,Canada_random_test_split
