,precision,recall,f1-score,support,data
economy,0.6153846153846154,0.6632124352331606,0.6384039900249376,193.0,France_random_test_split
external relations,0.7261904761904762,0.7093023255813954,0.7176470588235294,86.0,France_random_test_split
fabric of society,0.627906976744186,0.5192307692307693,0.5684210526315789,104.0,France_random_test_split
freedom and democracy,0.5735294117647058,0.6,0.5864661654135338,65.0,France_random_test_split
political system,0.36065573770491804,0.4230769230769231,0.3893805309734513,52.0,France_random_test_split
social groups,0.5797101449275363,0.5333333333333333,0.5555555555555555,75.0,France_random_test_split
welfare and quality of life,0.6861313868613139,0.6836363636363636,0.6848816029143898,275.0,France_random_test_split
accuracy,0.6258823529411764,0.6258823529411764,0.6258823529411764,0.6258823529411764,France_random_test_split
