,Luxembourg,France,Switzerland,Canada
Accuracy,0.6152073732718893,0.6258823529411764,0.0,0.5705996131528046
F1 macro,0.511543916047051,0.5915365651909966,0.0,0.5638273213419921
Obsevations,868.0,850.0,1.0,517.0
Number of no topics,8.0,0.0,0.0,0.0
Percentage no topics,0.01,0.0,0.0,0.0
