,precision,recall,f1-score,support,data
economy,0.5655172413793104,0.6721311475409836,0.6142322097378278,122.0,testing
external relations,0.29545454545454547,0.5909090909090909,0.393939393939394,22.0,testing
fabric of society,0.6183206106870229,0.5294117647058824,0.5704225352112677,153.0,testing
freedom and democracy,0.5294117647058824,0.46153846153846156,0.4931506849315069,39.0,testing
no topic,0.0,0.0,0.0,19.0,testing
political system,0.625,0.5092592592592593,0.5612244897959184,108.0,testing
social groups,0.45454545454545453,0.5555555555555556,0.5,45.0,testing
welfare and quality of life,0.6298701298701299,0.6783216783216783,0.6531986531986532,143.0,testing
